google-symbols,hfpxzc href,jHLihd,qBF1Pd,MW4etd,UY7F9,W4Efsd,W4Efsd (2),W4Efsd (3),W4Efsd (4),W4Efsd (5),W4Efsd (6),UsdlK,lcr4fd href,Cw1rxd,R8c4Qb,Cw1rxd (2),R8c4Qb (2),ah5Ghc,M4A5Cf,ah5Ghc (2),bm892c href,LDHnMb,c2ePGf,NlVald
,,,,,,,,,,,,,,,,,,,,,,,,
,https://www.google.com/maps/place/%E4%BF%AE%E7%B9%95%E5%AE%B6%E6%B0%B4%E9%9B%BB%E5%86%B7%E6%B0%A3%EF%BC%8E%E4%BF%9D%E5%93%A5/data=!4m7!3m6!1s0x3442abcc29172049:0x6622186d063e0ef0!8m2!3d25.049917!4d121.567327!16s%2Fg%2F11qrsl7lgx!19sChIJSSAXKcyrQjQR8A4-Bm0YImY?authuser=0&hl=zh-TW&rclk=1,贊助商廣告,修繕家水電冷氣．保哥,5.0,(484),修繕公司,·,5號 南京東路五段286巷,已打烊,⋅ 開始營業時間：週二09:00,·,02 2747 4200,https://www.google.com/aclk?sa=L&ai=DChsSEwjRg-C9woqRAxV-2hYFHZAsCOUYACICCAEQBhoCdGw&co=1&ase=2&gclid=Cj0KCQiAoZDJBhC0ARIsAERP-F--gLInGtHaVmn4ACd-iETkb-22DoFY4XK_B8XakJZulk3Tii8G7OUaAtoAEALw_wcB&cid=CAASuwHkaLMHZUETPTdJLF_dVZfwtnkNFAco1SJOSqMw1mmUF4QdsvhSFq54YefKmi9F--ewyFvU1iMFaFw8ENtIHHNH47c4fUDbTnQfzzU66BAnLzkW99Nw2T_3V4HFa_dDNelrSu7MyccwIQD956K_5dp02RAwEWQHG9Hyv5sQNcd_WEGLl_KeHiNFpdy5jF4_mkwpFxUQY-CiSv4SOXBbqC8xasYnWg9pdwb1ArCJRMZByEYdtW_1rnCBS0KH&cce=2&category=acrcp_v1_32&sig=AOD64_21WlXuaAZ8cRjJSJiVUiOfEt9BNQ&adurl&q&ctype=99&nis=6,,網站,,規劃路線,,,,,,,
,https://www.google.com/maps/place/%E8%87%B3%E5%96%84%E6%B0%B4%E9%9B%BB%E8%A1%8C/data=!4m7!3m6!1s0x3442a9835f38f051:0xc846f366a79f9012!8m2!3d25.0299588!4d121.5267302!16s%2Fg%2F11xbcbpz6!19sChIJUfA4X4OpQjQREpCfp2bzRsg?authuser=0&hl=zh-TW&rclk=1,,至善水電行,4.8,"(1,373)",水匠,·,·,金山南路二段125號,即將打烊,：18:30 · 開始營業時間：週二10:30,02 2393 6600,https://www.facebook.com/JSMALLTW/,,網站,,規劃路線,門市服務,,,,,,
,https://www.google.com/maps/place/%E6%96%B0%E6%B3%B0%E6%B0%B4%E9%9B%BB%E8%A1%8C/data=!4m7!3m6!1s0x3442a98f536b7d3b:0x51835d8f939ac1ae!8m2!3d25.0231644!4d121.5311731!16s%2Fg%2F1pzxb_syr!19sChIJO31rU4-pQjQRrsGak49dg1E?authuser=0&hl=zh-TW&rclk=1,,新泰水電行,4.7,(39),水電承辦商,·,泰順街48-1號,營業中,· 打烊時間：19:00,·,02 2363 1616,,,規劃路線,,,,,,,,,
,https://www.google.com/maps/place/%E7%AB%8B%E7%A5%A5%E6%B0%B4%E9%9B%BB%E8%A1%8C/data=!4m7!3m6!1s0x3442a991cf791ded:0xd2bb9608102a05d6!8m2!3d25.0217851!4d121.5247211!16s%2Fg%2F1pzv74rp3!19sChIJ7R15z5GpQjQR1gUqEAiWu9I?authuser=0&hl=zh-TW&rclk=1,,立祥水電行,3.6,(27),水匠,·,汀州路二段305號,營業中,· 打烊時間：21:00,·,02 2367 8948,,,規劃路線,,,,,,,,,
,https://www.google.com/maps/place/%E5%B3%B0%E8%A3%95%E6%B0%B4%E9%9B%BB%E5%86%B7%E6%B0%A3%E8%A1%8C/data=!4m7!3m6!1s0x3442a98392abb461:0xdbec4a2eecc1a5ab!8m2!3d25.0298513!4d121.5298218!16s%2Fg%2F1pzvpjnw3!19sChIJYbSrkoOpQjQRq6XB7C5K7Ns?authuser=0&hl=zh-TW&rclk=1,,峰裕水電冷氣行,4.3,(62),水匠,·,金華街231號,·,營業中,· 打烊時間：23:30,0908 897 697,https://lin.ee/plMMjjn,,網站,,規劃路線,門市服務,·,線上估價服務,,,,
,https://www.google.com/maps/place/%E5%85%83%E6%88%90%E5%86%B7%E6%B0%A3%E9%9B%BB%E6%A9%9F%E8%A1%8C/data=!4m7!3m6!1s0x3442a990105cefcd:0x3a592afb5745b5e6!8m2!3d25.024253!4d121.5248225!16s%2Fg%2F1tdkvckf!19sChIJze9cEJCpQjQR5rVFV_sqWTo?authuser=0&hl=zh-TW&rclk=1,,元成冷氣電機行,4.0,(5),水電承辦商,·,羅斯福路三段3號,即將打烊,：18:00 · 開始營業時間：週二09:00,·,02 2369 5088,,,規劃路線,,,,,,,,,
,https://www.google.com/maps/place/%E4%BF%A1%E5%AE%9C%E6%B0%B4%E9%9B%BB%E8%A1%8C/data=!4m7!3m6!1s0x3442a996b81cf7f9:0xc0102cbe6e9909c5!8m2!3d25.0224521!4d121.5191225!16s%2Fg%2F11btv66grj!19sChIJ-fccuJapQjQRxQmZbr4sEMA?authuser=0&hl=zh-TW&rclk=1,,信宜水電行,4.6,(74),水電承辦商,·,牯嶺街155號,營業中,· 打烊時間：21:00,·,0910 901 992,,,規劃路線,,,,,,,,,
,https://www.google.com/maps/place/%E8%9E%A2%E5%85%89%E6%B0%B4%E9%9B%BB%E5%B7%A5%E7%A8%8B%E8%A1%8C/data=!4m7!3m6!1s0x3442a99121728e1f:0xdf04c6f6bc96edf2!8m2!3d25.0230348!4d121.5210809!16s%2Fg%2F1pzs_18y1!19sChIJH45yIZGpQjQR8u2WvPbGBN8?authuser=0&hl=zh-TW&rclk=1,,螢光水電工程行,3.6,(55),水電承辦商,·,同安街83號,即將打烊,：18:00 · 開始營業時間：週二08:00,·,02 2367 0705,,,規劃路線,,,,,,,,,
,https://www.google.com/maps/place/%E6%B3%B0%E9%A0%86%E6%B0%B4%E9%9B%BB%E8%A1%8C/data=!4m7!3m6!1s0x3442a9867fd58a2d:0xebe316b252ce9af9!8m2!3d25.0261146!4d121.5314532!16s%2Fg%2F1pzydvz87!19sChIJLYrVf4apQjQR-ZrOUrIW4-s?authuser=0&hl=zh-TW&rclk=1,,泰順水電行,2.6,(82),水匠,·,和平東路一段208號,已打烊,⋅ 開始營業時間：週二08:00,·,02 2363 5280,,,規劃路線,,,,,,,,,
,https://www.google.com/maps/place/%E7%BE%A9%E5%BF%A0%E6%B0%B4%E9%9B%BB%E8%A1%8C/data=!4m7!3m6!1s0x3442a990c08e5237:0x686b418e1c0f46b6!8m2!3d25.0246162!4d121.5179409!16s%2Fg%2F1pzrbz8wk!19sChIJN1KOwJCpQjQRtkYPHI5Ba2g?authuser=0&hl=zh-TW&rclk=1,,義忠水電行,4.6,(108),水電承辦商,·,廈門街81巷7號,,,,02 2368 5686,,,規劃路線,,,,,,,,,
,https://www.google.com/maps/place/%E7%A6%8F%E8%B1%90%E6%B0%B4%E9%9B%BB%E8%A1%8C/data=!4m7!3m6!1s0x3442a9002951e32b:0x302175e43b99bee1!8m2!3d25.0222918!4d121.5309884!16s%2Fg%2F11wc4hgxhp!19sChIJK-NRKQCpQjQR4b6ZO-R1ITA?authuser=0&hl=zh-TW&rclk=1,,福豐水電行,5.0,(1),水電承辦商,·,泰順街60巷2號1 樓,已打烊,⋅ 開始營業時間：週二09:00,·,02 2363 8503,,,規劃路線,,,,,,,,,
,https://www.google.com/maps/place/%E5%88%A9%E4%BE%86%E6%B0%B4%E9%9B%BB%E8%A1%8C/data=!4m7!3m6!1s0x3442a98670931533:0xf84fed02e3d7cccc!8m2!3d25.0254639!4d121.5318033!16s%2Fg%2F1pzwq8hgq!19sChIJMxWTcIapQjQRzMzX4wLtT_g?authuser=0&hl=zh-TW&rclk=1,,利來水電行,3.3,(6),水匠,·,溫州街16巷23號,,,,02 2363 6673,,,規劃路線,,,,,,,,,
,https://www.google.com/maps/place/%E8%87%B3%E8%8D%83%E6%B0%B4%E9%9B%BB%E6%9D%90%E6%96%99%E6%9C%89%E9%99%90%E5%85%AC%E5%8F%B8/data=!4m7!3m6!1s0x3442a99715034029:0xe0c0e1e419aceb87!8m2!3d25.02515!4d121.5182797!16s%2Fg%2F1pzy0sprl!19sChIJKUADFZepQjQRh-usGeThwOA?authuser=0&hl=zh-TW&rclk=1,,至荃水電材料有限公司,4.0,(61),衛浴用品店,·,汀州路二段62號,即將打烊,：18:30 · 開始營業時間：週二08:15,·,02 2367 2775,,,規劃路線,,,,,,,,,
,https://www.google.com/maps/place/%E5%8E%9F%E6%B9%A0%E6%9C%89%E9%99%90%E5%85%AC%E5%8F%B8%28%E5%8E%9F%E6%B0%B4%E9%9B%BB%E5%92%96%E5%95%A1%29/data=!4m7!3m6!1s0x3442a9977ac6ce73:0x5e0a0ccbb0e4641e!8m2!3d25.0262295!4d121.5176465!16s%2Fg%2F1jgl_n9xq!19sChIJc87GepepQjQRHmTksMsMCl4?authuser=0&hl=zh-TW&rclk=1,,原湠有限公司(原水電咖啡),3.8,(20),水匠,·,廈門街22號,營業中,· 打烊時間：19:00,·,02 2365 1218,,,規劃路線,,,,,,,,,
,https://www.google.com/maps/place/%E7%B5%B1%E8%B3%80%E6%B0%B4%E9%9B%BB%E8%A1%8C/data=!4m7!3m6!1s0x3442a97872c4cb79:0x2b962d32769953ff!8m2!3d25.0356724!4d121.5270461!16s%2Fg%2F11hdjz7nhy!19sChIJecvEcnipQjQR_1OZdjItlis?authuser=0&hl=zh-TW&rclk=1,,統賀水電行,4.7,(38),水電承辦商,·,杭州南路一段143巷35號1樓,即將打烊,：18:30 · 開始營業時間：週二10:00,·,02 2391 8414,,,規劃路線,,,門市服務,,,,,,
,https://www.google.com/maps/place/%E6%98%87%E6%BA%90%E6%B0%B4%E9%9B%BB%E8%A1%8C/data=!4m7!3m6!1s0x3442a982a7c1afd1:0x5e7ff51e623abb37!8m2!3d25.0351958!4d121.5263598!16s%2Fg%2F11b69cfyxc!19sChIJ0a_Bp4KpQjQRN7s6Yh71f14?authuser=0&hl=zh-TW&rclk=1,,昇源水電行,5.0,(8),公司,·,金山南路一段110巷20號,營業中,· 打烊時間：21:00,·,02 2321 3091,,,規劃路線,,,,,,,,,
,https://www.google.com/maps/place/%E7%A6%8F%E5%85%A8%E6%B0%B4%E9%9B%BB%E8%A1%8C/data=!4m7!3m6!1s0x3442a9a8e122fae9:0x5c6d39e65ff843fa!8m2!3d25.0314823!4d121.5208626!16s%2Fg%2F11h_78bzs1!19sChIJ6foi4aipQjQR-kP4X-Y5bVw?authuser=0&hl=zh-TW&rclk=1,,福全水電行,3.1,(13),水匠,·,金華街28號,營業中,· 打烊時間：20:00,,,,,規劃路線,,,門市服務,,,,,,
,https://www.google.com/maps/place/%E5%85%A8%E5%AF%8C%E6%B0%B4%E9%9B%BB%E8%A1%8C/data=!4m7!3m6!1s0x3442a9992326e5ad:0x8225560a2cb00ab6!8m2!3d25.030924!4d121.5177143!16s%2Fg%2F11hczcf0lc!19sChIJreUmI5mpQjQRtgqwLApWJYI?authuser=0&hl=zh-TW&rclk=1,,全富水電行,2.5,(39),水匠,·,寧波西街55號,·,即將打烊,：18:00 · 開始營業時間：週二08:00,02 2351 8313,https://twypage.com/sd-1858-B-%E5%8F%B0%E5%8C%97-%E5%85%A8%E5%AF%8C%E6%B0%B4%E9%9B%BB%E8%A1%8C.html,,網站,,規劃路線,,,,,,,
,https://www.google.com/maps/place/%E5%BE%A9%E8%88%88%E6%B0%B4%E9%9B%BB%E5%86%B7%E6%B0%A3%E7%88%90%E5%85%B7%E8%A1%8C/data=!4m7!3m6!1s0x3442abcb06309c09:0x6b0617b2673fedf6!8m2!3d25.026577!4d121.5429614!16s%2Fg%2F11dzxh4bh1!19sChIJCZwwBsurQjQR9u0_Z7IXBms?authuser=0&hl=zh-TW&rclk=1,,復興水電冷氣爐具行,4.8,(21),水匠,·,復興南路二段210巷1號,·,24 小時營業,,02 2707 1818,https://www.facebook.com/profile.php?id=100088494355404,,網站,,規劃路線,門市服務,·,線上估價服務,,,,
,https://www.google.com/maps/place/%E5%9C%8B%E8%B3%93%E6%B0%B4%E9%9B%BB%E8%A1%8C/data=!4m7!3m6!1s0x3442a9829927b2e5:0x16a136a5bcc448cd!8m2!3d25.0346815!4d121.5272047!16s%2Fg%2F1pzxfv8d7!19sChIJ5bInmYKpQjQRzUjEvKU2oRY?authuser=0&hl=zh-TW&rclk=1,,國賓水電行,1.9,(9),水匠,·,金山南路一段140號,營業中,· 打烊時間：21:00,·,02 2351 7609,,,規劃路線,,,,,,,,,
,https://www.google.com/maps/place/%E5%A4%A7%E6%AC%A3%E6%B0%B4%E9%9B%BB%E5%B7%A5%E7%A8%8B%E6%9C%89%E9%99%90%E5%85%AC%E5%8F%B8/data=!4m7!3m6!1s0x3442a9780a3b1117:0xf4c73b8ee80ab815!8m2!3d25.035336!4d121.5267001!16s%2Fg%2F1pzxrt_sq!19sChIJFxE7CnipQjQRFbgK6I47x_Q?authuser=0&hl=zh-TW&rclk=1,,大欣水電工程有限公司,4.4,(38),水匠,·,金山南路一段110巷17號,即將打烊,：18:00 · 開始營業時間：週二08:30,·,02 3393 2752,,,規劃路線,,,,,,,,,
,https://www.google.com/maps/place/%E4%BF%AE%E7%B9%95%E5%AE%B6%E6%B0%B4%E9%9B%BB%E5%86%B7%E6%B0%A3%EF%BC%8E%E4%BF%9D%E5%93%A5/data=!4m7!3m6!1s0x3442abcc29172049:0x6622186d063e0ef0!8m2!3d25.049917!4d121.567327!16s%2Fg%2F11qrsl7lgx!19sChIJSSAXKcyrQjQR8A4-Bm0YImY?authuser=0&hl=zh-TW&rclk=1,贊助商廣告,修繕家水電冷氣．保哥,5.0,(484),修繕公司,·,5號 南京東路五段286巷,已打烊,⋅ 開始營業時間：週二09:00,·,02 2747 4200,https://www.google.com/aclk?sa=L&ai=DChsSEwjSiK_RwoqRAxUb6RYFHQjUBRMYACICCAEQBBoCdGw&co=1&ase=2&gclid=Cj0KCQiAoZDJBhC0ARIsAERP-F_iZNwSkqi8ALB1zlIu3EEVylAruA2YHf6QovHR27Y-5n__nxp8iUwaAhNKEALw_wcB&cid=CAASuwHkaEZs7lJMi3ouK6HdB7RcE1xSxO7E_dW2odQaqipkFdlFqvrlI4yKUhUqbOuf5JTOTJ9W_D5mg2PZzfIdkrjUPOzYNr3tXfSUpS2WKa_FV4Oc9GBf6IamOCcFMDoBclfH8XRZOWk4SFy79pzdHT2VdqmQlnND6y79O0PnQeQY2YnHooUInA4wXwH1T_bQNLnSS1v-rTY8pe0ZUoZldzwNPsH2OEIdDPmApV2pO4xBS0xkYupPpZ1X5alQ&cce=2&category=acrcp_v1_32&sig=AOD64_0y61GzfrrZr-t35YS_YEvmd--_Iw&adurl&q&ctype=99&nis=6,,網站,,規劃路線,,,,https://www.google.com/aclk?sa=L&ai=DChsSEwjSiK_RwoqRAxUb6RYFHQjUBRMYACICCAEQBBoCdGw&co=1&ase=2&gclid=Cj0KCQiAoZDJBhC0ARIsAERP-F_iZNwSkqi8ALB1zlIu3EEVylAruA2YHf6QovHR27Y-5n__nxp8iUwaAhNKEALw_wcB&cid=CAASuwHkaEZs7lJMi3ouK6HdB7RcE1xSxO7E_dW2odQaqipkFdlFqvrlI4yKUhUqbOuf5JTOTJ9W_D5mg2PZzfIdkrjUPOzYNr3tXfSUpS2WKa_FV4Oc9GBf6IamOCcFMDoBclfH8XRZOWk4SFy79pzdHT2VdqmQlnND6y79O0PnQeQY2YnHooUInA4wXwH1T_bQNLnSS1v-rTY8pe0ZUoZldzwNPsH2OEIdDPmApV2pO4xBS0xkYupPpZ1X5alQ&cce=2&category=acrcp_v1_32&sig=AOD64_0y61GzfrrZr-t35YS_YEvmd--_Iw&adurl=&rct=j&nis=6,總開關箱更換、預防電線短路,修繕家專業老屋換線團隊，專為老宅、中古屋提供完整的電線汰換服務，確保用電安全 立刻來電了解!,造訪網站
,https://www.google.com/maps/place/%E5%B7%A7%E5%AE%B8%E5%B7%A5%E7%A8%8B%E8%A1%8C%EF%BC%8824H%E6%B0%B4%E9%9B%BB%2F%E9%90%B5%E5%B7%A5%EF%BC%89/data=!4m7!3m6!1s0x3442abd99336ffb1:0xeb57fbf2dd57e327!8m2!3d25.052354!4d121.583871!16s%2Fg%2F11ykwgr8m_!19sChIJsf82k9mrQjQRJ-NX3fL7V-s?authuser=0&hl=zh-TW&rclk=1,贊助商廣告,巧宸工程行（24H水電/鐵工）,4.6,(9),水電承包商,·,266-2號 南港路三段,24 小時營業,,·,0989 845 757,https://www.google.com/aclk?sa=L&ai=DChsSEwjSiK_RwoqRAxUb6RYFHQjUBRMYACICCAEQBxoCdGw&co=1&ase=2&gclid=Cj0KCQiAoZDJBhC0ARIsAERP-F99ZavC8QKPBIG21zMsOVo19vgUCxcK9GHlwg9EjDHI2a8ubYOGiF8aApcIEALw_wcB&cid=CAASuwHkaEZs7lJMi3ouK6HdB7RcE1xSxO7E_dW2odQaqipkFdlFqvrlI4yKUhUqbOuf5JTOTJ9W_D5mg2PZzfIdkrjUPOzYNr3tXfSUpS2WKa_FV4Oc9GBf6IamOCcFMDoBclfH8XRZOWk4SFy79pzdHT2VdqmQlnND6y79O0PnQeQY2YnHooUInA4wXwH1T_bQNLnSS1v-rTY8pe0ZUoZldzwNPsH2OEIdDPmApV2pO4xBS0xkYupPpZ1X5alQ&cce=2&category=acrcp_v1_32&sig=AOD64_0RjWm9BjipzSg32eBWuWV4-NRMHg&adurl&q&ctype=99&nis=6,,網站,,規劃路線,,,,https://www.google.com/aclk?sa=L&ai=DChsSEwjSiK_RwoqRAxUb6RYFHQjUBRMYACICCAEQBxoCdGw&co=1&ase=2&gclid=Cj0KCQiAoZDJBhC0ARIsAERP-F99ZavC8QKPBIG21zMsOVo19vgUCxcK9GHlwg9EjDHI2a8ubYOGiF8aApcIEALw_wcB&cid=CAASuwHkaEZs7lJMi3ouK6HdB7RcE1xSxO7E_dW2odQaqipkFdlFqvrlI4yKUhUqbOuf5JTOTJ9W_D5mg2PZzfIdkrjUPOzYNr3tXfSUpS2WKa_FV4Oc9GBf6IamOCcFMDoBclfH8XRZOWk4SFy79pzdHT2VdqmQlnND6y79O0PnQeQY2YnHooUInA4wXwH1T_bQNLnSS1v-rTY8pe0ZUoZldzwNPsH2OEIdDPmApV2pO4xBS0xkYupPpZ1X5alQ&cce=2&category=acrcp_v1_32&sig=AOD64_0RjWm9BjipzSg32eBWuWV4-NRMHg&adurl=&rct=j&nis=6,雙北24小時水電急修,牽線/拉線/衛浴/馬桶/馬達/開關插座/燈具/漏水/抓漏 查電 /沒水沒電/開關插座修改...等。,造訪網站
,https://www.google.com/maps/place/%E5%9C%8B%E6%BA%90%E6%B0%B4%E9%9B%BB%E8%A1%8C/data=!4m7!3m6!1s0x3442a9c03730a9a9:0xe207091da92d40e7!8m2!3d25.015156!4d121.513087!16s%2Fg%2F11g63yvn3h!19sChIJqakwN8CpQjQR50AtqR0JB-I?authuser=0&hl=zh-TW&rclk=1,,國源水電行,4.7,(44),水匠,·,文化路101號1樓,營業中,· 打烊時間：21:00,·,02 2231 6461,,,規劃路線,,,,,,,,,
,https://www.google.com/maps/place/%E4%BD%91%E6%B0%91%E6%B0%B4%E9%9B%BB%E8%A1%8C/data=!4m7!3m6!1s0x3442a9eb04ffbb1f:0xb47f6c720f693398!8m2!3d25.0140632!4d121.5174945!16s%2Fg%2F11gb3t62c2!19sChIJH7v_BOupQjQRmDNpD3Jsf7Q?authuser=0&hl=zh-TW&rclk=1,,佑民水電行,3.8,(22),水匠,·,復興街79號1F,營業中,· 打烊時間：19:30,·,02 8923 8296,,,規劃路線,,,,,,,,,
,https://www.google.com/maps/place/%E5%81%89%E9%B3%B4%E6%B0%B4%E9%9B%BB%E8%A1%8C/data=!4m7!3m6!1s0x3442a99b0b7bd5f9:0xb889f4a518278358!8m2!3d25.0293284!4d121.5230066!16s%2Fg%2F1pzq600mn!19sChIJ-dV7C5upQjQRWIMnGKX0ibg?authuser=0&hl=zh-TW&rclk=1,,偉鳴水電行,,,水匠,·,潮州街46號,,,,,,,規劃路線,,,,,,,,,
,https://www.google.com/maps/place/%E5%A4%A7%E5%AE%B6%E6%B0%B4%E9%9B%BB%E8%A1%8C/data=!4m7!3m6!1s0x3442a989431e7e4d:0x5f2b4e7b33568c6d!8m2!3d25.018738!4d121.5326004!16s%2Fg%2F11bzt6b14_!19sChIJTX4eQ4mpQjQRbYxWM3tOK18?authuser=0&hl=zh-TW&rclk=1,,大家水電行,3.0,(24),水匠,·,新生南路三段86巷9號,,,,02 2362 6288,,,規劃路線,,,,,,,,,
,https://www.google.com/maps/place/%E7%AC%AC%E4%B8%80%E5%BB%9A%E5%85%B7%E7%87%88%E9%A3%BE%E6%B0%B4%E9%9B%BB%E8%A1%8C/data=!4m7!3m6!1s0x3442a9c0edbdca51:0x9935d71754d23851!8m2!3d25.0162466!4d121.5105151!16s%2Fg%2F1pzw8wzcf!19sChIJUcq97cCpQjQRUTjSVBfXNZk?authuser=0&hl=zh-TW&rclk=1,,第一廚具燈飾水電行,5.0,(108),水電承辦商,·,文化路153-1號1樓,營業中,· 打烊時間：21:00,·,02 2920 9922,,,規劃路線,,,,,,,,,
,https://www.google.com/maps/place/%E9%A3%9B%E5%88%A9%E6%B5%A6%E7%85%A7%E6%98%8E%E6%8C%87%E5%AE%9A%E7%B6%93%E9%8A%B7%E5%95%86_%E5%85%A8%E5%A8%81%E6%B0%B4%E9%9B%BB%E6%9D%90%E6%96%99/data=!4m7!3m6!1s0x3442a967e97f0ad1:0xbd154de9cb4af68b!8m2!3d25.0251494!4d121.5182928!16s%2Fg%2F11kpk2ws8r!19sChIJ0Qp_6WepQjQRi_ZKy-lNFb0?authuser=0&hl=zh-TW&rclk=1,,飛利浦照明指定經銷商_全威水電材料,3.0,(2),五金用品店,·,汀州路二段62號,即將打烊,：18:30 · 開始營業時間：週二08:00,·,02 2367 2775,,,規劃路線,,,外送,,,,,,
,https://www.google.com/maps/place/%E4%BD%B6%E5%AE%B6%E6%B0%B4%E9%9B%BB%E6%9D%90%E6%96%99%E8%A1%8C%EF%BC%88SAKURA+%E6%AB%BB%E8%8A%B1%E7%86%B1%E6%B0%B4%E5%99%A8+%E6%B2%B9%E7%85%99%E6%A9%9F+%E7%93%A6%E6%96%AF%E7%88%90+CAESAR+%E5%87%B1%E6%92%92%E8%A1%9B%E6%B5%B4+OVO%E4%BA%AC%E5%85%B8%E8%A1%9B%E6%B5%B4+TOTO+%E8%88%9E%E5%85%89%EF%BC%89/data=!4m7!3m6!1s0x3442a9c4bcaa3365:0xf89f386f854802fd!8m2!3d25.0088882!4d121.5077081!16s%2Fg%2F1pzsgx4pg!19sChIJZTOqvMSpQjQR_QJIhW84n_g?authuser=0&hl=zh-TW&rclk=1,,佶家水電材料行（SAKURA 櫻花熱水器 油煙機 瓦斯爐 CAESAR 凱撒衛浴 OVO京典衛浴 TOTO 舞光）,4.8,(171),水匠,·,永貞路397號,即將打烊,：18:30 · 開始營業時間：週二08:00,·,02 2920 6156,,,規劃路線,,,來店取貨,·,外送,,,,
,https://www.google.com/maps/place/%E4%BD%B3%E8%88%88%E6%B0%B4%E9%9B%BB%E8%A1%8C%EF%BC%88%E8%8E%8A%E9%A0%AD%E5%8C%97%E8%81%B7%E4%BA%BA%E5%BA%97%EF%BC%89/data=!4m7!3m6!1s0x3442a9ec0ebc8b8b:0xf6e38f32aea16d32!8m2!3d25.01123!4d121.5201881!16s%2Fg%2F1pzthfxn_!19sChIJi4u8DuypQjQRMm2hrjKP4_Y?authuser=0&hl=zh-TW&rclk=1,,佳興水電行（莊頭北職人店）,3.3,(48),商店,·,竹林路129號,,,,02 8928 0363,,,規劃路線,,,,,,,,,
,https://www.google.com/maps/place/%E9%95%B7%E5%BB%A3%E6%B0%B4%E9%9B%BB%E8%A1%8C/data=!4m7!3m6!1s0x3442ab0059b5a9cd:0x14e057c916f0093!8m2!3d25.027248!4d121.5398372!16s%2Fg%2F11yknq96pw!19sChIJzam1WQCrQjQRkwBvkXwFTgE?authuser=0&hl=zh-TW&rclk=1,,長廣水電行,4.3,(6),水電承辦商,·,瑞安街244巷19-21號,·,營業中,· 打烊時間：21:00,0922 098 085,https://line.me/ti/p/Wx-3y7FBXU,,網站,,規劃路線,線上估價服務,,,,,,
,https://www.google.com/maps/place/%E6%BC%AB%E5%A4%9A%E4%BD%B3%E6%B0%B4%E9%9B%BB/data=!4m7!3m6!1s0x3442a9e48f221b15:0x2d24b6cc8ea07fb8!8m2!3d24.9997014!4d121.5231794!16s%2Fg%2F11c1wx5t_c!19sChIJFRsij-SpQjQRuH-gjsy2JC0?authuser=0&hl=zh-TW&rclk=1,,漫多佳水電,4.8,(266),水匠,·,得和路309號1樓,營業中,· 打烊時間：20:30,·,0918 636 188,,,規劃路線,,,,,,,,,
,https://www.google.com/maps/place/%E5%8D%94%E8%B1%90%E4%BA%94%E9%87%91%E6%B0%B4%E9%9B%BB%E6%9D%90%E6%96%99%E6%9C%89%E9%99%90%E5%85%AC%E5%8F%B8/data=!4m7!3m6!1s0x3442a9a7efccbbc5:0xdd4910049f03c94a!8m2!3d25.0399094!4d121.5036385!16s%2Fg%2F1pzr5b6sd!19sChIJxbvM76epQjQRSskDnwQQSd0?authuser=0&hl=zh-TW&rclk=1,,協豐五金水電材料有限公司,3.9,(38),水管用品店,·,貴陽街二段95號1樓,營業中,· 打烊時間：20:00,·,02 2331 0352,,,規劃路線,,,店內購物,·,外送,,,,
,https://www.google.com/maps/place/%E9%BE%8D%E5%8B%9D%E6%B0%B4%E9%9B%BB%E8%A1%8C/data=!4m7!3m6!1s0x3442abd7749e84bf:0x69817896c8c1368f!8m2!3d25.0410705!4d121.5404391!16s%2Fg%2F1pzs0p79j!19sChIJv4SedNerQjQRjzbByJZ4gWk?authuser=0&hl=zh-TW&rclk=1,,龍勝水電行,4.4,(39),水電承辦商,·,忠孝東路三段216巷3弄10號正義國宅內江蘇韭菜盒旁1樓,營業中,· 打烊時間：20:30,·,02 2721 6351,,,規劃路線,,,,,,,,,
,https://www.google.com/maps/place/%E8%99%B9%E9%81%94%E6%B0%B4%E9%9B%BB%E8%A1%8C/data=!4m7!3m6!1s0x3442a9bf847a7ef7:0xe8e5e233cd385c9a!8m2!3d25.017278!4d121.511436!16s%2Fg%2F11hctgp_t9!19sChIJ9356hL-pQjQRmlw4zTPi5eg?authuser=0&hl=zh-TW&rclk=1,,虹達水電行,4.6,(10),水電承辦商,·,環河西路一段95巷20號,營業中,· 打烊時間：21:00,·,02 2928 7630,,,規劃路線,,,,,,,,,
,https://www.google.com/maps/place/%E4%BD%91%E6%88%90%E6%B0%B4%E9%9B%BB%E8%A1%8C/data=!4m7!3m6!1s0x3442a9b1d9e216cf:0xc0e513d219e12d2d!8m2!3d25.0097355!4d121.5221245!16s%2Fg%2F11tj8_p34y!19sChIJzxbi2bGpQjQRLS3hGdIT5cA?authuser=0&hl=zh-TW&rclk=1,,佑成水電行,5.0,(1),水電承辦商,·,竹林路201巷33號1 樓,營業中,· 打烊時間：20:00,·,02 8925 7280,,,規劃路線,,,,,,,,,
,https://www.google.com/maps/place/%E8%97%8D%E6%A3%AE%E6%B0%B4%E9%9B%BB%E8%A1%8C%EF%BC%88%E6%88%90%E5%8A%9F%EF%BC%89/data=!4m7!3m6!1s0x3442a985aba95851:0xf866a30268b4603a!8m2!3d25.0252252!4d121.5447585!16s%2Fg%2F11cspx1jjf!19sChIJUVipq4WpQjQROmC0aAKjZvg?authuser=0&hl=zh-TW&rclk=1,,藍森水電行（成功）,5.0,(4),水電承辦商,·,和平東路二段 283巷15弄5號 號,營業中,· 打烊時間：20:00,·,0927 915 539,,,規劃路線,,,,,,,,,
,https://www.google.com/maps/place/%E5%9C%8B%E5%A4%AA%E6%B0%B4%E9%9B%BB%E8%A1%8C/data=!4m7!3m6!1s0x3442a97c48853e95:0x2b721741c8d66d69!8m2!3d25.0405141!4d121.533537!16s%2Fg%2F1tgx4983!19sChIJlT6FSHypQjQRaW3WyEEXcis?authuser=0&hl=zh-TW&rclk=1,,國太水電行,4.1,(29),水管用品店,·,濟南路三段2號,即將打烊,：18:00 · 開始營業時間：週二08:30,·,02 2752 2730,,,規劃路線,,,來店取貨,,,,,,
,https://www.google.com/maps/place/%E6%99%9F%E5%8A%9F%E6%B0%B4%E9%9B%BB%E8%A1%8C/data=!4m7!3m6!1s0x3442abd2d03089ad:0xe11f9c62110a3375!8m2!3d25.0311181!4d121.5441949!16s%2Fg%2F1pzt__v3s!19sChIJrYkw0NKrQjQRdTMKEWKcH-E?authuser=0&hl=zh-TW&rclk=1,,晟功水電行,3.2,(81),水匠,·,瑞安街23巷3號1樓,營業中,,·,02 2702 4567,,,規劃路線,,,,,,,,,
,https://www.google.com/maps/place/%E6%97%AD%E6%98%8E%E6%B0%B4%E9%9B%BB%E8%A1%8C/data=!4m7!3m6!1s0x3442a98c71aa0adf:0xb122e1fd65eeb907!8m2!3d25.035076!4d121.5342841!16s%2Fg%2F11gzpdkhlw!19sChIJ3wqqcYypQjQRB7nuZf3hIrE?authuser=0&hl=zh-TW&rclk=1,,旭明水電行,2.6,(5),雜貨店,·,新生南路一段157巷11號,營業中,· 打烊時間：19:30,·,02 2706 3163,,,規劃路線,,,,,,,,,
,https://www.google.com/maps/place/%E5%90%89%E5%88%A9%E6%B0%B4%E9%9B%BB%E8%A1%8C/data=!4m7!3m6!1s0x3442a9ed10b4e7a9:0xbdc17089c94fbe16!8m2!3d25.0000267!4d121.5161437!16s%2Fg%2F11h7f7x8wy!19sChIJqee0EO2pQjQRFr5PyYlwwb0?authuser=0&hl=zh-TW&rclk=1,,吉利水電行,4.8,(52),水電承辦商,·,得和路60號,營業中,· 打烊時間：21:00,·,0932 303 104,,,規劃路線,,,,,,,,,
,https://www.google.com/maps/place/%E5%A4%A7%E9%A0%86%E6%B0%B4%E9%9B%BB%E8%A1%8C/data=!4m7!3m6!1s0x3442a90eb4be3cd9:0x231f5be1ae610dba!8m2!3d25.0452304!4d121.5071858!16s%2Fg%2F1pzsy2j61!19sChIJ2Ty-tA6pQjQRug1hruFbHyM?authuser=0&hl=zh-TW&rclk=1,,大順水電行,4.9,(62),浴室用品店,·,漢口街二段34巷8號,營業中,· 打烊時間：19:00,·,02 2314 4859,,,規劃路線,,,外送,,,,,,
